action_id,factor_id,if_level_leq,action_text,impact,effort,timeframe,dependency_action_id
ACT_001,PM_01,1,"Develop standardised Project Solicitation & Prioritization templates covering scope, roles, milestones, and reporting expectations",4,2,short,
ACT_002,PM_01,1,Introduce basic Project Solicitation & Prioritization reporting cadence with minimum standard reporting structure,3,1,short,
ACT_003,PM_01,2,Formalise Project Solicitation & Prioritization review and approval procedures with defined roles and workflows,4,3,medium,
ACT_004,PM_01,2,Implement structured Project Solicitation & Prioritization issue tracking with consistent escalation rules,3,2,medium,
ACT_005,PM_01,2,Deploy Project Solicitation & Prioritization templates agency-wide and train staff to drive organisational consistency,3,2,short,
ACT_006,PM_01,3,"Introduce measurable Project Solicitation & Prioritization performance indicators (schedule adherence, turnaround, acceptance rate)",5,3,medium,
ACT_007,PM_01,3,"Standardise Project Solicitation & Prioritization review management with checklists, time-tracking, and escalation paths",4,3,medium,
ACT_008,PM_01,3,Formalise lessons-learned integration for Project Solicitation & Prioritization through structured closeout reviews,3,2,short,
ACT_009,PM_01,4,Use historical Project Solicitation & Prioritization data for proactive planning refinement and scheduling improvement,5,4,long,
ACT_010,PM_01,4,"Institutionalise cross-project Project Solicitation & Prioritization knowledge reuse in an organised, searchable repository",5,5,long,
ACT_011,PM_01,4,Establish continuous Project Solicitation & Prioritization improvement governance cycle with quarterly or semi-annual reviews,4,3,medium,
ACT_012,PM_02,1,"Develop standardised Scope Definition & Change Control templates covering scope, roles, milestones, and reporting expectations",4,2,short,
ACT_013,PM_02,1,Introduce basic Scope Definition & Change Control reporting cadence with minimum standard reporting structure,3,1,short,
ACT_014,PM_02,2,Formalise Scope Definition & Change Control review and approval procedures with defined roles and workflows,4,3,medium,
ACT_015,PM_02,2,Implement structured Scope Definition & Change Control issue tracking with consistent escalation rules,3,2,medium,
ACT_016,PM_02,2,Deploy Scope Definition & Change Control templates agency-wide and train staff to drive organisational consistency,3,2,short,
ACT_017,PM_02,3,"Introduce measurable Scope Definition & Change Control performance indicators (schedule adherence, turnaround, acceptance rate)",5,3,medium,
ACT_018,PM_02,3,"Standardise Scope Definition & Change Control review management with checklists, time-tracking, and escalation paths",4,3,medium,
ACT_019,PM_02,3,Formalise lessons-learned integration for Scope Definition & Change Control through structured closeout reviews,3,2,short,
ACT_020,PM_02,4,Use historical Scope Definition & Change Control data for proactive planning refinement and scheduling improvement,5,4,long,
ACT_021,PM_02,4,"Institutionalise cross-project Scope Definition & Change Control knowledge reuse in an organised, searchable repository",5,5,long,
ACT_022,PM_02,4,Establish continuous Scope Definition & Change Control improvement governance cycle with quarterly or semi-annual reviews,4,3,medium,
ACT_023,PM_03,1,"Develop standardised Roles & Responsibilities templates covering scope, roles, milestones, and reporting expectations",4,2,short,
ACT_024,PM_03,1,Introduce basic Roles & Responsibilities reporting cadence with minimum standard reporting structure,3,1,short,
ACT_025,PM_03,2,Formalise Roles & Responsibilities review and approval procedures with defined roles and workflows,4,3,medium,
ACT_026,PM_03,2,Implement structured Roles & Responsibilities issue tracking with consistent escalation rules,3,2,medium,
ACT_027,PM_03,2,Deploy Roles & Responsibilities templates agency-wide and train staff to drive organisational consistency,3,2,short,
ACT_028,PM_03,3,"Introduce measurable Roles & Responsibilities performance indicators (schedule adherence, turnaround, acceptance rate)",5,3,medium,
ACT_029,PM_03,3,"Standardise Roles & Responsibilities review management with checklists, time-tracking, and escalation paths",4,3,medium,
ACT_030,PM_03,3,Formalise lessons-learned integration for Roles & Responsibilities through structured closeout reviews,3,2,short,
ACT_031,PM_03,4,Use historical Roles & Responsibilities data for proactive planning refinement and scheduling improvement,5,4,long,
ACT_032,PM_03,4,"Institutionalise cross-project Roles & Responsibilities knowledge reuse in an organised, searchable repository",5,5,long,
ACT_033,PM_03,4,Establish continuous Roles & Responsibilities improvement governance cycle with quarterly or semi-annual reviews,4,3,medium,
ACT_034,PM_04,1,"Develop standardised Schedule & Milestone Planning templates covering scope, roles, milestones, and reporting expectations",4,2,short,
ACT_035,PM_04,1,Introduce basic Schedule & Milestone Planning reporting cadence with minimum standard reporting structure,3,1,short,
ACT_036,PM_04,2,Formalise Schedule & Milestone Planning review and approval procedures with defined roles and workflows,4,3,medium,
ACT_037,PM_04,2,Implement structured Schedule & Milestone Planning issue tracking with consistent escalation rules,3,2,medium,
ACT_038,PM_04,2,Deploy Schedule & Milestone Planning templates agency-wide and train staff to drive organisational consistency,3,2,short,
ACT_039,PM_04,3,"Introduce measurable Schedule & Milestone Planning performance indicators (schedule adherence, turnaround, acceptance rate)",5,3,medium,
ACT_040,PM_04,3,"Standardise Schedule & Milestone Planning review management with checklists, time-tracking, and escalation paths",4,3,medium,
ACT_041,PM_04,3,Formalise lessons-learned integration for Schedule & Milestone Planning through structured closeout reviews,3,2,short,
ACT_042,PM_04,4,Use historical Schedule & Milestone Planning data for proactive planning refinement and scheduling improvement,5,4,long,
ACT_043,PM_04,4,"Institutionalise cross-project Schedule & Milestone Planning knowledge reuse in an organised, searchable repository",5,5,long,
ACT_044,PM_04,4,Establish continuous Schedule & Milestone Planning improvement governance cycle with quarterly or semi-annual reviews,4,3,medium,
ACT_045,PM_05,1,"Develop standardised Progress Reporting templates covering scope, roles, milestones, and reporting expectations",4,2,short,
ACT_046,PM_05,1,Introduce basic Progress Reporting reporting cadence with minimum standard reporting structure,3,1,short,
ACT_047,PM_05,2,Formalise Progress Reporting review and approval procedures with defined roles and workflows,4,3,medium,
ACT_048,PM_05,2,Implement structured Progress Reporting issue tracking with consistent escalation rules,3,2,medium,
ACT_049,PM_05,2,Deploy Progress Reporting templates agency-wide and train staff to drive organisational consistency,3,2,short,
ACT_050,PM_05,3,"Introduce measurable Progress Reporting performance indicators (schedule adherence, turnaround, acceptance rate)",5,3,medium,
ACT_051,PM_05,3,"Standardise Progress Reporting review management with checklists, time-tracking, and escalation paths",4,3,medium,
ACT_052,PM_05,3,Formalise lessons-learned integration for Progress Reporting through structured closeout reviews,3,2,short,
ACT_053,PM_05,4,Use historical Progress Reporting data for proactive planning refinement and scheduling improvement,5,4,long,
ACT_054,PM_05,4,"Institutionalise cross-project Progress Reporting knowledge reuse in an organised, searchable repository",5,5,long,
ACT_055,PM_05,4,Establish continuous Progress Reporting improvement governance cycle with quarterly or semi-annual reviews,4,3,medium,
ACT_056,PM_06,1,"Develop standardised Technical Review & Approval templates covering scope, roles, milestones, and reporting expectations",4,2,short,
ACT_057,PM_06,1,Introduce basic Technical Review & Approval reporting cadence with minimum standard reporting structure,3,1,short,
ACT_058,PM_06,2,Formalise Technical Review & Approval review and approval procedures with defined roles and workflows,4,3,medium,
ACT_059,PM_06,2,Implement structured Technical Review & Approval issue tracking with consistent escalation rules,3,2,medium,
ACT_060,PM_06,2,Deploy Technical Review & Approval templates agency-wide and train staff to drive organisational consistency,3,2,short,
ACT_061,PM_06,3,"Introduce measurable Technical Review & Approval performance indicators (schedule adherence, turnaround, acceptance rate)",5,3,medium,
ACT_062,PM_06,3,"Standardise Technical Review & Approval review management with checklists, time-tracking, and escalation paths",4,3,medium,
ACT_063,PM_06,3,Formalise lessons-learned integration for Technical Review & Approval through structured closeout reviews,3,2,short,
ACT_064,PM_06,4,Use historical Technical Review & Approval data for proactive planning refinement and scheduling improvement,5,4,long,
ACT_065,PM_06,4,"Institutionalise cross-project Technical Review & Approval knowledge reuse in an organised, searchable repository",5,5,long,
ACT_066,PM_06,4,Establish continuous Technical Review & Approval improvement governance cycle with quarterly or semi-annual reviews,4,3,medium,
ACT_067,PM_07,1,"Develop standardised Issue & Risk Management templates covering scope, roles, milestones, and reporting expectations",4,2,short,
ACT_068,PM_07,1,Introduce basic Issue & Risk Management reporting cadence with minimum standard reporting structure,3,1,short,
ACT_069,PM_07,2,Formalise Issue & Risk Management review and approval procedures with defined roles and workflows,4,3,medium,
ACT_070,PM_07,2,Implement structured Issue & Risk Management issue tracking with consistent escalation rules,3,2,medium,
ACT_071,PM_07,2,Deploy Issue & Risk Management templates agency-wide and train staff to drive organisational consistency,3,2,short,
ACT_072,PM_07,3,"Introduce measurable Issue & Risk Management performance indicators (schedule adherence, turnaround, acceptance rate)",5,3,medium,
ACT_073,PM_07,3,"Standardise Issue & Risk Management review management with checklists, time-tracking, and escalation paths",4,3,medium,
ACT_074,PM_07,3,Formalise lessons-learned integration for Issue & Risk Management through structured closeout reviews,3,2,short,
ACT_075,PM_07,4,Use historical Issue & Risk Management data for proactive planning refinement and scheduling improvement,5,4,long,
ACT_076,PM_07,4,"Institutionalise cross-project Issue & Risk Management knowledge reuse in an organised, searchable repository",5,5,long,
ACT_077,PM_07,4,Establish continuous Issue & Risk Management improvement governance cycle with quarterly or semi-annual reviews,4,3,medium,
ACT_078,PM_08,1,"Develop standardised Records Management & Archival templates covering scope, roles, milestones, and reporting expectations",4,2,short,
ACT_079,PM_08,1,Introduce basic Records Management & Archival reporting cadence with minimum standard reporting structure,3,1,short,
ACT_080,PM_08,2,Formalise Records Management & Archival review and approval procedures with defined roles and workflows,4,3,medium,
ACT_081,PM_08,2,Implement structured Records Management & Archival issue tracking with consistent escalation rules,3,2,medium,
ACT_082,PM_08,2,Deploy Records Management & Archival templates agency-wide and train staff to drive organisational consistency,3,2,short,
ACT_083,PM_08,3,"Introduce measurable Records Management & Archival performance indicators (schedule adherence, turnaround, acceptance rate)",5,3,medium,
ACT_084,PM_08,3,"Standardise Records Management & Archival review management with checklists, time-tracking, and escalation paths",4,3,medium,
ACT_085,PM_08,3,Formalise lessons-learned integration for Records Management & Archival through structured closeout reviews,3,2,short,
ACT_086,PM_08,4,Use historical Records Management & Archival data for proactive planning refinement and scheduling improvement,5,4,long,
ACT_087,PM_08,4,"Institutionalise cross-project Records Management & Archival knowledge reuse in an organised, searchable repository",5,5,long,
ACT_088,PM_08,4,Establish continuous Records Management & Archival improvement governance cycle with quarterly or semi-annual reviews,4,3,medium,
ACT_089,PM_09,1,"Develop standardised Vendor & Contractor Performance templates covering scope, roles, milestones, and reporting expectations",4,2,short,
ACT_090,PM_09,1,Introduce basic Vendor & Contractor Performance reporting cadence with minimum standard reporting structure,3,1,short,
ACT_091,PM_09,2,Formalise Vendor & Contractor Performance review and approval procedures with defined roles and workflows,4,3,medium,
ACT_092,PM_09,2,Implement structured Vendor & Contractor Performance issue tracking with consistent escalation rules,3,2,medium,
ACT_093,PM_09,2,Deploy Vendor & Contractor Performance templates agency-wide and train staff to drive organisational consistency,3,2,short,
ACT_094,PM_09,3,"Introduce measurable Vendor & Contractor Performance performance indicators (schedule adherence, turnaround, acceptance rate)",5,3,medium,
ACT_095,PM_09,3,"Standardise Vendor & Contractor Performance review management with checklists, time-tracking, and escalation paths",4,3,medium,
ACT_096,PM_09,3,Formalise lessons-learned integration for Vendor & Contractor Performance through structured closeout reviews,3,2,short,
ACT_097,PM_09,4,Use historical Vendor & Contractor Performance data for proactive planning refinement and scheduling improvement,5,4,long,
ACT_098,PM_09,4,"Institutionalise cross-project Vendor & Contractor Performance knowledge reuse in an organised, searchable repository",5,5,long,
ACT_099,PM_09,4,Establish continuous Vendor & Contractor Performance improvement governance cycle with quarterly or semi-annual reviews,4,3,medium,
ACT_100,PM_10,1,"Develop standardised Project Closure & Lessons Learned templates covering scope, roles, milestones, and reporting expectations",4,2,short,
ACT_101,PM_10,1,Introduce basic Project Closure & Lessons Learned reporting cadence with minimum standard reporting structure,3,1,short,
ACT_102,PM_10,2,Formalise Project Closure & Lessons Learned review and approval procedures with defined roles and workflows,4,3,medium,
ACT_103,PM_10,2,Implement structured Project Closure & Lessons Learned issue tracking with consistent escalation rules,3,2,medium,
ACT_104,PM_10,2,Deploy Project Closure & Lessons Learned templates agency-wide and train staff to drive organisational consistency,3,2,short,
ACT_105,PM_10,3,"Introduce measurable Project Closure & Lessons Learned performance indicators (schedule adherence, turnaround, acceptance rate)",5,3,medium,
ACT_106,PM_10,3,"Standardise Project Closure & Lessons Learned review management with checklists, time-tracking, and escalation paths",4,3,medium,
ACT_107,PM_10,3,Formalise lessons-learned integration for Project Closure & Lessons Learned through structured closeout reviews,3,2,short,
ACT_108,PM_10,4,Use historical Project Closure & Lessons Learned data for proactive planning refinement and scheduling improvement,5,4,long,
ACT_109,PM_10,4,"Institutionalise cross-project Project Closure & Lessons Learned knowledge reuse in an organised, searchable repository",5,5,long,
ACT_110,PM_10,4,Establish continuous Project Closure & Lessons Learned improvement governance cycle with quarterly or semi-annual reviews,4,3,medium,
ACT_111,PM_11,1,"Develop standardised Organisational Consistency templates covering scope, roles, milestones, and reporting expectations",4,2,short,
ACT_112,PM_11,1,Introduce basic Organisational Consistency reporting cadence with minimum standard reporting structure,3,1,short,
ACT_113,PM_11,2,Formalise Organisational Consistency review and approval procedures with defined roles and workflows,4,3,medium,
ACT_114,PM_11,2,Implement structured Organisational Consistency issue tracking with consistent escalation rules,3,2,medium,
ACT_115,PM_11,2,Deploy Organisational Consistency templates agency-wide and train staff to drive organisational consistency,3,2,short,
ACT_116,PM_11,3,"Introduce measurable Organisational Consistency performance indicators (schedule adherence, turnaround, acceptance rate)",5,3,medium,
ACT_117,PM_11,3,"Standardise Organisational Consistency review management with checklists, time-tracking, and escalation paths",4,3,medium,
ACT_118,PM_11,3,Formalise lessons-learned integration for Organisational Consistency through structured closeout reviews,3,2,short,
ACT_119,PM_11,4,Use historical Organisational Consistency data for proactive planning refinement and scheduling improvement,5,4,long,
ACT_120,PM_11,4,"Institutionalise cross-project Organisational Consistency knowledge reuse in an organised, searchable repository",5,5,long,
ACT_121,PM_11,4,Establish continuous Organisational Consistency improvement governance cycle with quarterly or semi-annual reviews,4,3,medium,
ACT_122,EIM_01,1,"Develop standardised Outcome Definition templates covering scope, roles, milestones, and reporting expectations",4,2,short,
ACT_123,EIM_01,1,Introduce basic Outcome Definition reporting cadence with minimum standard reporting structure,3,1,short,
ACT_124,EIM_01,2,Formalise Outcome Definition review and approval procedures with defined roles and workflows,4,3,medium,
ACT_125,EIM_01,2,Implement structured Outcome Definition issue tracking with consistent escalation rules,3,2,medium,
ACT_126,EIM_01,2,Deploy Outcome Definition templates agency-wide and train staff to drive organisational consistency,3,2,short,
ACT_127,EIM_01,3,"Introduce measurable Outcome Definition performance indicators (schedule adherence, turnaround, acceptance rate)",5,3,medium,
ACT_128,EIM_01,3,"Standardise Outcome Definition review management with checklists, time-tracking, and escalation paths",4,3,medium,
ACT_129,EIM_01,3,Formalise lessons-learned integration for Outcome Definition through structured closeout reviews,3,2,short,
ACT_130,EIM_01,4,Use historical Outcome Definition data for proactive planning refinement and scheduling improvement,5,4,long,
ACT_131,EIM_01,4,"Institutionalise cross-project Outcome Definition knowledge reuse in an organised, searchable repository",5,5,long,
ACT_132,EIM_01,4,Establish continuous Outcome Definition improvement governance cycle with quarterly or semi-annual reviews,4,3,medium,
ACT_133,EIM_02,1,"Develop standardised Research Usefulness Evaluation templates covering scope, roles, milestones, and reporting expectations",4,2,short,
ACT_134,EIM_02,1,Introduce basic Research Usefulness Evaluation reporting cadence with minimum standard reporting structure,3,1,short,
ACT_135,EIM_02,2,Formalise Research Usefulness Evaluation review and approval procedures with defined roles and workflows,4,3,medium,
ACT_136,EIM_02,2,Implement structured Research Usefulness Evaluation issue tracking with consistent escalation rules,3,2,medium,
ACT_137,EIM_02,2,Deploy Research Usefulness Evaluation templates agency-wide and train staff to drive organisational consistency,3,2,short,
ACT_138,EIM_02,3,"Introduce measurable Research Usefulness Evaluation performance indicators (schedule adherence, turnaround, acceptance rate)",5,3,medium,
ACT_139,EIM_02,3,"Standardise Research Usefulness Evaluation review management with checklists, time-tracking, and escalation paths",4,3,medium,
ACT_140,EIM_02,3,Formalise lessons-learned integration for Research Usefulness Evaluation through structured closeout reviews,3,2,short,
ACT_141,EIM_02,4,Use historical Research Usefulness Evaluation data for proactive planning refinement and scheduling improvement,5,4,long,
ACT_142,EIM_02,4,"Institutionalise cross-project Research Usefulness Evaluation knowledge reuse in an organised, searchable repository",5,5,long,
ACT_143,EIM_02,4,Establish continuous Research Usefulness Evaluation improvement governance cycle with quarterly or semi-annual reviews,4,3,medium,
ACT_144,EIM_03,1,"Develop standardised Technology Transfer & Usability templates covering scope, roles, milestones, and reporting expectations",4,2,short,
ACT_145,EIM_03,1,Introduce basic Technology Transfer & Usability reporting cadence with minimum standard reporting structure,3,1,short,
ACT_146,EIM_03,2,Formalise Technology Transfer & Usability review and approval procedures with defined roles and workflows,4,3,medium,
ACT_147,EIM_03,2,Implement structured Technology Transfer & Usability issue tracking with consistent escalation rules,3,2,medium,
ACT_148,EIM_03,2,Deploy Technology Transfer & Usability templates agency-wide and train staff to drive organisational consistency,3,2,short,
ACT_149,EIM_03,3,"Introduce measurable Technology Transfer & Usability performance indicators (schedule adherence, turnaround, acceptance rate)",5,3,medium,
ACT_150,EIM_03,3,"Standardise Technology Transfer & Usability review management with checklists, time-tracking, and escalation paths",4,3,medium,
ACT_151,EIM_03,3,Formalise lessons-learned integration for Technology Transfer & Usability through structured closeout reviews,3,2,short,
ACT_152,EIM_03,4,Use historical Technology Transfer & Usability data for proactive planning refinement and scheduling improvement,5,4,long,
ACT_153,EIM_03,4,"Institutionalise cross-project Technology Transfer & Usability knowledge reuse in an organised, searchable repository",5,5,long,
ACT_154,EIM_03,4,Establish continuous Technology Transfer & Usability improvement governance cycle with quarterly or semi-annual reviews,4,3,medium,
ACT_155,EIM_04,1,"Develop standardised Implementation Tracking templates covering scope, roles, milestones, and reporting expectations",4,2,short,
ACT_156,EIM_04,1,Introduce basic Implementation Tracking reporting cadence with minimum standard reporting structure,3,1,short,
ACT_157,EIM_04,2,Formalise Implementation Tracking review and approval procedures with defined roles and workflows,4,3,medium,
ACT_158,EIM_04,2,Implement structured Implementation Tracking issue tracking with consistent escalation rules,3,2,medium,
ACT_159,EIM_04,2,Deploy Implementation Tracking templates agency-wide and train staff to drive organisational consistency,3,2,short,
ACT_160,EIM_04,3,"Introduce measurable Implementation Tracking performance indicators (schedule adherence, turnaround, acceptance rate)",5,3,medium,
ACT_161,EIM_04,3,"Standardise Implementation Tracking review management with checklists, time-tracking, and escalation paths",4,3,medium,
ACT_162,EIM_04,3,Formalise lessons-learned integration for Implementation Tracking through structured closeout reviews,3,2,short,
ACT_163,EIM_04,4,Use historical Implementation Tracking data for proactive planning refinement and scheduling improvement,5,4,long,
ACT_164,EIM_04,4,"Institutionalise cross-project Implementation Tracking knowledge reuse in an organised, searchable repository",5,5,long,
ACT_165,EIM_04,4,Establish continuous Implementation Tracking improvement governance cycle with quarterly or semi-annual reviews,4,3,medium,
ACT_166,EIM_05,1,"Develop standardised Barrier Analysis templates covering scope, roles, milestones, and reporting expectations",4,2,short,
ACT_167,EIM_05,1,Introduce basic Barrier Analysis reporting cadence with minimum standard reporting structure,3,1,short,
ACT_168,EIM_05,2,Formalise Barrier Analysis review and approval procedures with defined roles and workflows,4,3,medium,
ACT_169,EIM_05,2,Implement structured Barrier Analysis issue tracking with consistent escalation rules,3,2,medium,
ACT_170,EIM_05,2,Deploy Barrier Analysis templates agency-wide and train staff to drive organisational consistency,3,2,short,
ACT_171,EIM_05,3,"Introduce measurable Barrier Analysis performance indicators (schedule adherence, turnaround, acceptance rate)",5,3,medium,
ACT_172,EIM_05,3,"Standardise Barrier Analysis review management with checklists, time-tracking, and escalation paths",4,3,medium,
ACT_173,EIM_05,3,Formalise lessons-learned integration for Barrier Analysis through structured closeout reviews,3,2,short,
ACT_174,EIM_05,4,Use historical Barrier Analysis data for proactive planning refinement and scheduling improvement,5,4,long,
ACT_175,EIM_05,4,"Institutionalise cross-project Barrier Analysis knowledge reuse in an organised, searchable repository",5,5,long,
ACT_176,EIM_05,4,Establish continuous Barrier Analysis improvement governance cycle with quarterly or semi-annual reviews,4,3,medium,
ACT_177,EIM_06,1,"Develop standardised Reporting Quality & Standards templates covering scope, roles, milestones, and reporting expectations",4,2,short,
ACT_178,EIM_06,1,Introduce basic Reporting Quality & Standards reporting cadence with minimum standard reporting structure,3,1,short,
ACT_179,EIM_06,2,Formalise Reporting Quality & Standards review and approval procedures with defined roles and workflows,4,3,medium,
ACT_180,EIM_06,2,Implement structured Reporting Quality & Standards issue tracking with consistent escalation rules,3,2,medium,
ACT_181,EIM_06,2,Deploy Reporting Quality & Standards templates agency-wide and train staff to drive organisational consistency,3,2,short,
ACT_182,EIM_06,3,"Introduce measurable Reporting Quality & Standards performance indicators (schedule adherence, turnaround, acceptance rate)",5,3,medium,
ACT_183,EIM_06,3,"Standardise Reporting Quality & Standards review management with checklists, time-tracking, and escalation paths",4,3,medium,
ACT_184,EIM_06,3,Formalise lessons-learned integration for Reporting Quality & Standards through structured closeout reviews,3,2,short,
ACT_185,EIM_06,4,Use historical Reporting Quality & Standards data for proactive planning refinement and scheduling improvement,5,4,long,
ACT_186,EIM_06,4,"Institutionalise cross-project Reporting Quality & Standards knowledge reuse in an organised, searchable repository",5,5,long,
ACT_187,EIM_06,4,Establish continuous Reporting Quality & Standards improvement governance cycle with quarterly or semi-annual reviews,4,3,medium,
ACT_188,EIM_07,1,"Develop standardised Internal Communication of Findings templates covering scope, roles, milestones, and reporting expectations",4,2,short,
ACT_189,EIM_07,1,Introduce basic Internal Communication of Findings reporting cadence with minimum standard reporting structure,3,1,short,
ACT_190,EIM_07,2,Formalise Internal Communication of Findings review and approval procedures with defined roles and workflows,4,3,medium,
ACT_191,EIM_07,2,Implement structured Internal Communication of Findings issue tracking with consistent escalation rules,3,2,medium,
ACT_192,EIM_07,2,Deploy Internal Communication of Findings templates agency-wide and train staff to drive organisational consistency,3,2,short,
ACT_193,EIM_07,3,"Introduce measurable Internal Communication of Findings performance indicators (schedule adherence, turnaround, acceptance rate)",5,3,medium,
ACT_194,EIM_07,3,"Standardise Internal Communication of Findings review management with checklists, time-tracking, and escalation paths",4,3,medium,
ACT_195,EIM_07,3,Formalise lessons-learned integration for Internal Communication of Findings through structured closeout reviews,3,2,short,
ACT_196,EIM_07,4,Use historical Internal Communication of Findings data for proactive planning refinement and scheduling improvement,5,4,long,
ACT_197,EIM_07,4,"Institutionalise cross-project Internal Communication of Findings knowledge reuse in an organised, searchable repository",5,5,long,
ACT_198,EIM_07,4,Establish continuous Internal Communication of Findings improvement governance cycle with quarterly or semi-annual reviews,4,3,medium,
ACT_199,EIM_08,1,"Develop standardised Stakeholder Involvement in Evaluation templates covering scope, roles, milestones, and reporting expectations",4,2,short,
ACT_200,EIM_08,1,Introduce basic Stakeholder Involvement in Evaluation reporting cadence with minimum standard reporting structure,3,1,short,
ACT_201,EIM_08,2,Formalise Stakeholder Involvement in Evaluation review and approval procedures with defined roles and workflows,4,3,medium,
ACT_202,EIM_08,2,Implement structured Stakeholder Involvement in Evaluation issue tracking with consistent escalation rules,3,2,medium,
ACT_203,EIM_08,2,Deploy Stakeholder Involvement in Evaluation templates agency-wide and train staff to drive organisational consistency,3,2,short,
ACT_204,EIM_08,3,"Introduce measurable Stakeholder Involvement in Evaluation performance indicators (schedule adherence, turnaround, acceptance rate)",5,3,medium,
ACT_205,EIM_08,3,"Standardise Stakeholder Involvement in Evaluation review management with checklists, time-tracking, and escalation paths",4,3,medium,
ACT_206,EIM_08,3,Formalise lessons-learned integration for Stakeholder Involvement in Evaluation through structured closeout reviews,3,2,short,
ACT_207,EIM_08,4,Use historical Stakeholder Involvement in Evaluation data for proactive planning refinement and scheduling improvement,5,4,long,
ACT_208,EIM_08,4,"Institutionalise cross-project Stakeholder Involvement in Evaluation knowledge reuse in an organised, searchable repository",5,5,long,
ACT_209,EIM_08,4,Establish continuous Stakeholder Involvement in Evaluation improvement governance cycle with quarterly or semi-annual reviews,4,3,medium,
ACT_210,EIM_09,1,"Develop standardised Post-Delivery Feedback Collection templates covering scope, roles, milestones, and reporting expectations",4,2,short,
ACT_211,EIM_09,1,Introduce basic Post-Delivery Feedback Collection reporting cadence with minimum standard reporting structure,3,1,short,
ACT_212,EIM_09,2,Formalise Post-Delivery Feedback Collection review and approval procedures with defined roles and workflows,4,3,medium,
ACT_213,EIM_09,2,Implement structured Post-Delivery Feedback Collection issue tracking with consistent escalation rules,3,2,medium,
ACT_214,EIM_09,2,Deploy Post-Delivery Feedback Collection templates agency-wide and train staff to drive organisational consistency,3,2,short,
ACT_215,EIM_09,3,"Introduce measurable Post-Delivery Feedback Collection performance indicators (schedule adherence, turnaround, acceptance rate)",5,3,medium,
ACT_216,EIM_09,3,"Standardise Post-Delivery Feedback Collection review management with checklists, time-tracking, and escalation paths",4,3,medium,
ACT_217,EIM_09,3,Formalise lessons-learned integration for Post-Delivery Feedback Collection through structured closeout reviews,3,2,short,
ACT_218,EIM_09,4,Use historical Post-Delivery Feedback Collection data for proactive planning refinement and scheduling improvement,5,4,long,
ACT_219,EIM_09,4,"Institutionalise cross-project Post-Delivery Feedback Collection knowledge reuse in an organised, searchable repository",5,5,long,
ACT_220,EIM_09,4,Establish continuous Post-Delivery Feedback Collection improvement governance cycle with quarterly or semi-annual reviews,4,3,medium,
ACT_221,EIM_10,1,"Develop standardised Strategic Alignment templates covering scope, roles, milestones, and reporting expectations",4,2,short,
ACT_222,EIM_10,1,Introduce basic Strategic Alignment reporting cadence with minimum standard reporting structure,3,1,short,
ACT_223,EIM_10,2,Formalise Strategic Alignment review and approval procedures with defined roles and workflows,4,3,medium,
ACT_224,EIM_10,2,Implement structured Strategic Alignment issue tracking with consistent escalation rules,3,2,medium,
ACT_225,EIM_10,2,Deploy Strategic Alignment templates agency-wide and train staff to drive organisational consistency,3,2,short,
ACT_226,EIM_10,3,"Introduce measurable Strategic Alignment performance indicators (schedule adherence, turnaround, acceptance rate)",5,3,medium,
ACT_227,EIM_10,3,"Standardise Strategic Alignment review management with checklists, time-tracking, and escalation paths",4,3,medium,
ACT_228,EIM_10,3,Formalise lessons-learned integration for Strategic Alignment through structured closeout reviews,3,2,short,
ACT_229,EIM_10,4,Use historical Strategic Alignment data for proactive planning refinement and scheduling improvement,5,4,long,
ACT_230,EIM_10,4,"Institutionalise cross-project Strategic Alignment knowledge reuse in an organised, searchable repository",5,5,long,
ACT_231,EIM_10,4,Establish continuous Strategic Alignment improvement governance cycle with quarterly or semi-annual reviews,4,3,medium,
ACT_232,EIM_11,1,"Develop standardised Evaluation Records Management templates covering scope, roles, milestones, and reporting expectations",4,2,short,
ACT_233,EIM_11,1,Introduce basic Evaluation Records Management reporting cadence with minimum standard reporting structure,3,1,short,
ACT_234,EIM_11,2,Formalise Evaluation Records Management review and approval procedures with defined roles and workflows,4,3,medium,
ACT_235,EIM_11,2,Implement structured Evaluation Records Management issue tracking with consistent escalation rules,3,2,medium,
ACT_236,EIM_11,2,Deploy Evaluation Records Management templates agency-wide and train staff to drive organisational consistency,3,2,short,
ACT_237,EIM_11,3,"Introduce measurable Evaluation Records Management performance indicators (schedule adherence, turnaround, acceptance rate)",5,3,medium,
ACT_238,EIM_11,3,"Standardise Evaluation Records Management review management with checklists, time-tracking, and escalation paths",4,3,medium,
ACT_239,EIM_11,3,Formalise lessons-learned integration for Evaluation Records Management through structured closeout reviews,3,2,short,
ACT_240,EIM_11,4,Use historical Evaluation Records Management data for proactive planning refinement and scheduling improvement,5,4,long,
ACT_241,EIM_11,4,"Institutionalise cross-project Evaluation Records Management knowledge reuse in an organised, searchable repository",5,5,long,
ACT_242,EIM_11,4,Establish continuous Evaluation Records Management improvement governance cycle with quarterly or semi-annual reviews,4,3,medium,
ACT_243,EIM_12,1,"Develop standardised Long-Term Impact Assessment templates covering scope, roles, milestones, and reporting expectations",4,2,short,
ACT_244,EIM_12,1,Introduce basic Long-Term Impact Assessment reporting cadence with minimum standard reporting structure,3,1,short,
ACT_245,EIM_12,2,Formalise Long-Term Impact Assessment review and approval procedures with defined roles and workflows,4,3,medium,
ACT_246,EIM_12,2,Implement structured Long-Term Impact Assessment issue tracking with consistent escalation rules,3,2,medium,
ACT_247,EIM_12,2,Deploy Long-Term Impact Assessment templates agency-wide and train staff to drive organisational consistency,3,2,short,
ACT_248,EIM_12,3,"Introduce measurable Long-Term Impact Assessment performance indicators (schedule adherence, turnaround, acceptance rate)",5,3,medium,
ACT_249,EIM_12,3,"Standardise Long-Term Impact Assessment review management with checklists, time-tracking, and escalation paths",4,3,medium,
ACT_250,EIM_12,3,Formalise lessons-learned integration for Long-Term Impact Assessment through structured closeout reviews,3,2,short,
ACT_251,EIM_12,4,Use historical Long-Term Impact Assessment data for proactive planning refinement and scheduling improvement,5,4,long,
ACT_252,EIM_12,4,"Institutionalise cross-project Long-Term Impact Assessment knowledge reuse in an organised, searchable repository",5,5,long,
ACT_253,EIM_12,4,Establish continuous Long-Term Impact Assessment improvement governance cycle with quarterly or semi-annual reviews,4,3,medium,
ACT_254,EIM_13,1,"Develop standardised Evaluation Consistency & Improvement templates covering scope, roles, milestones, and reporting expectations",4,2,short,
ACT_255,EIM_13,1,Introduce basic Evaluation Consistency & Improvement reporting cadence with minimum standard reporting structure,3,1,short,
ACT_256,EIM_13,2,Formalise Evaluation Consistency & Improvement review and approval procedures with defined roles and workflows,4,3,medium,
ACT_257,EIM_13,2,Implement structured Evaluation Consistency & Improvement issue tracking with consistent escalation rules,3,2,medium,
ACT_258,EIM_13,2,Deploy Evaluation Consistency & Improvement templates agency-wide and train staff to drive organisational consistency,3,2,short,
ACT_259,EIM_13,3,"Introduce measurable Evaluation Consistency & Improvement performance indicators (schedule adherence, turnaround, acceptance rate)",5,3,medium,
ACT_260,EIM_13,3,"Standardise Evaluation Consistency & Improvement review management with checklists, time-tracking, and escalation paths",4,3,medium,
ACT_261,EIM_13,3,Formalise lessons-learned integration for Evaluation Consistency & Improvement through structured closeout reviews,3,2,short,
ACT_262,EIM_13,4,Use historical Evaluation Consistency & Improvement data for proactive planning refinement and scheduling improvement,5,4,long,
ACT_263,EIM_13,4,"Institutionalise cross-project Evaluation Consistency & Improvement knowledge reuse in an organised, searchable repository",5,5,long,
ACT_264,EIM_13,4,Establish continuous Evaluation Consistency & Improvement improvement governance cycle with quarterly or semi-annual reviews,4,3,medium,
ACT_265,INV_01,1,"Develop standardised Invoice Submission Requirements templates covering scope, roles, milestones, and reporting expectations",4,2,short,
ACT_266,INV_01,1,Introduce basic Invoice Submission Requirements reporting cadence with minimum standard reporting structure,3,1,short,
ACT_267,INV_01,2,Formalise Invoice Submission Requirements review and approval procedures with defined roles and workflows,4,3,medium,
ACT_268,INV_01,2,Implement structured Invoice Submission Requirements issue tracking with consistent escalation rules,3,2,medium,
ACT_269,INV_01,2,Deploy Invoice Submission Requirements templates agency-wide and train staff to drive organisational consistency,3,2,short,
ACT_270,INV_01,3,"Introduce measurable Invoice Submission Requirements performance indicators (schedule adherence, turnaround, acceptance rate)",5,3,medium,
ACT_271,INV_01,3,"Standardise Invoice Submission Requirements review management with checklists, time-tracking, and escalation paths",4,3,medium,
ACT_272,INV_01,3,Formalise lessons-learned integration for Invoice Submission Requirements through structured closeout reviews,3,2,short,
ACT_273,INV_01,4,Use historical Invoice Submission Requirements data for proactive planning refinement and scheduling improvement,5,4,long,
ACT_274,INV_01,4,"Institutionalise cross-project Invoice Submission Requirements knowledge reuse in an organised, searchable repository",5,5,long,
ACT_275,INV_01,4,Establish continuous Invoice Submission Requirements improvement governance cycle with quarterly or semi-annual reviews,4,3,medium,
ACT_276,INV_02,1,"Develop standardised Invoice Package Consistency templates covering scope, roles, milestones, and reporting expectations",4,2,short,
ACT_277,INV_02,1,Introduce basic Invoice Package Consistency reporting cadence with minimum standard reporting structure,3,1,short,
ACT_278,INV_02,2,Formalise Invoice Package Consistency review and approval procedures with defined roles and workflows,4,3,medium,
ACT_279,INV_02,2,Implement structured Invoice Package Consistency issue tracking with consistent escalation rules,3,2,medium,
ACT_280,INV_02,2,Deploy Invoice Package Consistency templates agency-wide and train staff to drive organisational consistency,3,2,short,
ACT_281,INV_02,3,"Introduce measurable Invoice Package Consistency performance indicators (schedule adherence, turnaround, acceptance rate)",5,3,medium,
ACT_282,INV_02,3,"Standardise Invoice Package Consistency review management with checklists, time-tracking, and escalation paths",4,3,medium,
ACT_283,INV_02,3,Formalise lessons-learned integration for Invoice Package Consistency through structured closeout reviews,3,2,short,
ACT_284,INV_02,4,Use historical Invoice Package Consistency data for proactive planning refinement and scheduling improvement,5,4,long,
ACT_285,INV_02,4,"Institutionalise cross-project Invoice Package Consistency knowledge reuse in an organised, searchable repository",5,5,long,
ACT_286,INV_02,4,Establish continuous Invoice Package Consistency improvement governance cycle with quarterly or semi-annual reviews,4,3,medium,
ACT_287,INV_03,1,"Develop standardised Invoice Review Process templates covering scope, roles, milestones, and reporting expectations",4,2,short,
ACT_288,INV_03,1,Introduce basic Invoice Review Process reporting cadence with minimum standard reporting structure,3,1,short,
ACT_289,INV_03,2,Formalise Invoice Review Process review and approval procedures with defined roles and workflows,4,3,medium,
ACT_290,INV_03,2,Implement structured Invoice Review Process issue tracking with consistent escalation rules,3,2,medium,
ACT_291,INV_03,2,Deploy Invoice Review Process templates agency-wide and train staff to drive organisational consistency,3,2,short,
ACT_292,INV_03,3,"Introduce measurable Invoice Review Process performance indicators (schedule adherence, turnaround, acceptance rate)",5,3,medium,
ACT_293,INV_03,3,"Standardise Invoice Review Process review management with checklists, time-tracking, and escalation paths",4,3,medium,
ACT_294,INV_03,3,Formalise lessons-learned integration for Invoice Review Process through structured closeout reviews,3,2,short,
ACT_295,INV_03,4,Use historical Invoice Review Process data for proactive planning refinement and scheduling improvement,5,4,long,
ACT_296,INV_03,4,"Institutionalise cross-project Invoice Review Process knowledge reuse in an organised, searchable repository",5,5,long,
ACT_297,INV_03,4,Establish continuous Invoice Review Process improvement governance cycle with quarterly or semi-annual reviews,4,3,medium,
ACT_298,INV_04,1,"Develop standardised Approval Responsibilities templates covering scope, roles, milestones, and reporting expectations",4,2,short,
ACT_299,INV_04,1,Introduce basic Approval Responsibilities reporting cadence with minimum standard reporting structure,3,1,short,
ACT_300,INV_04,2,Formalise Approval Responsibilities review and approval procedures with defined roles and workflows,4,3,medium,
ACT_301,INV_04,2,Implement structured Approval Responsibilities issue tracking with consistent escalation rules,3,2,medium,
ACT_302,INV_04,2,Deploy Approval Responsibilities templates agency-wide and train staff to drive organisational consistency,3,2,short,
ACT_303,INV_04,3,"Introduce measurable Approval Responsibilities performance indicators (schedule adherence, turnaround, acceptance rate)",5,3,medium,
ACT_304,INV_04,3,"Standardise Approval Responsibilities review management with checklists, time-tracking, and escalation paths",4,3,medium,
ACT_305,INV_04,3,Formalise lessons-learned integration for Approval Responsibilities through structured closeout reviews,3,2,short,
ACT_306,INV_04,4,Use historical Approval Responsibilities data for proactive planning refinement and scheduling improvement,5,4,long,
ACT_307,INV_04,4,"Institutionalise cross-project Approval Responsibilities knowledge reuse in an organised, searchable repository",5,5,long,
ACT_308,INV_04,4,Establish continuous Approval Responsibilities improvement governance cycle with quarterly or semi-annual reviews,4,3,medium,
ACT_309,INV_05,1,"Develop standardised Processing Timeliness templates covering scope, roles, milestones, and reporting expectations",4,2,short,
ACT_310,INV_05,1,Introduce basic Processing Timeliness reporting cadence with minimum standard reporting structure,3,1,short,
ACT_311,INV_05,2,Formalise Processing Timeliness review and approval procedures with defined roles and workflows,4,3,medium,
ACT_312,INV_05,2,Implement structured Processing Timeliness issue tracking with consistent escalation rules,3,2,medium,
ACT_313,INV_05,2,Deploy Processing Timeliness templates agency-wide and train staff to drive organisational consistency,3,2,short,
ACT_314,INV_05,3,"Introduce measurable Processing Timeliness performance indicators (schedule adherence, turnaround, acceptance rate)",5,3,medium,
ACT_315,INV_05,3,"Standardise Processing Timeliness review management with checklists, time-tracking, and escalation paths",4,3,medium,
ACT_316,INV_05,3,Formalise lessons-learned integration for Processing Timeliness through structured closeout reviews,3,2,short,
ACT_317,INV_05,4,Use historical Processing Timeliness data for proactive planning refinement and scheduling improvement,5,4,long,
ACT_318,INV_05,4,"Institutionalise cross-project Processing Timeliness knowledge reuse in an organised, searchable repository",5,5,long,
ACT_319,INV_05,4,Establish continuous Processing Timeliness improvement governance cycle with quarterly or semi-annual reviews,4,3,medium,
ACT_320,INV_06,1,"Develop standardised Error Correction & Issue Handling templates covering scope, roles, milestones, and reporting expectations",4,2,short,
ACT_321,INV_06,1,Introduce basic Error Correction & Issue Handling reporting cadence with minimum standard reporting structure,3,1,short,
ACT_322,INV_06,2,Formalise Error Correction & Issue Handling review and approval procedures with defined roles and workflows,4,3,medium,
ACT_323,INV_06,2,Implement structured Error Correction & Issue Handling issue tracking with consistent escalation rules,3,2,medium,
ACT_324,INV_06,2,Deploy Error Correction & Issue Handling templates agency-wide and train staff to drive organisational consistency,3,2,short,
ACT_325,INV_06,3,"Introduce measurable Error Correction & Issue Handling performance indicators (schedule adherence, turnaround, acceptance rate)",5,3,medium,
ACT_326,INV_06,3,"Standardise Error Correction & Issue Handling review management with checklists, time-tracking, and escalation paths",4,3,medium,
ACT_327,INV_06,3,Formalise lessons-learned integration for Error Correction & Issue Handling through structured closeout reviews,3,2,short,
ACT_328,INV_06,4,Use historical Error Correction & Issue Handling data for proactive planning refinement and scheduling improvement,5,4,long,
ACT_329,INV_06,4,"Institutionalise cross-project Error Correction & Issue Handling knowledge reuse in an organised, searchable repository",5,5,long,
ACT_330,INV_06,4,Establish continuous Error Correction & Issue Handling improvement governance cycle with quarterly or semi-annual reviews,4,3,medium,
ACT_331,INV_07,1,"Develop standardised Communication During Review templates covering scope, roles, milestones, and reporting expectations",4,2,short,
ACT_332,INV_07,1,Introduce basic Communication During Review reporting cadence with minimum standard reporting structure,3,1,short,
ACT_333,INV_07,2,Formalise Communication During Review review and approval procedures with defined roles and workflows,4,3,medium,
ACT_334,INV_07,2,Implement structured Communication During Review issue tracking with consistent escalation rules,3,2,medium,
ACT_335,INV_07,2,Deploy Communication During Review templates agency-wide and train staff to drive organisational consistency,3,2,short,
ACT_336,INV_07,3,"Introduce measurable Communication During Review performance indicators (schedule adherence, turnaround, acceptance rate)",5,3,medium,
ACT_337,INV_07,3,"Standardise Communication During Review review management with checklists, time-tracking, and escalation paths",4,3,medium,
ACT_338,INV_07,3,Formalise lessons-learned integration for Communication During Review through structured closeout reviews,3,2,short,
ACT_339,INV_07,4,Use historical Communication During Review data for proactive planning refinement and scheduling improvement,5,4,long,
ACT_340,INV_07,4,"Institutionalise cross-project Communication During Review knowledge reuse in an organised, searchable repository",5,5,long,
ACT_341,INV_07,4,Establish continuous Communication During Review improvement governance cycle with quarterly or semi-annual reviews,4,3,medium,
ACT_342,INV_08,1,"Develop standardised Invoicing Records Management templates covering scope, roles, milestones, and reporting expectations",4,2,short,
ACT_343,INV_08,1,Introduce basic Invoicing Records Management reporting cadence with minimum standard reporting structure,3,1,short,
ACT_344,INV_08,2,Formalise Invoicing Records Management review and approval procedures with defined roles and workflows,4,3,medium,
ACT_345,INV_08,2,Implement structured Invoicing Records Management issue tracking with consistent escalation rules,3,2,medium,
ACT_346,INV_08,2,Deploy Invoicing Records Management templates agency-wide and train staff to drive organisational consistency,3,2,short,
ACT_347,INV_08,3,"Introduce measurable Invoicing Records Management performance indicators (schedule adherence, turnaround, acceptance rate)",5,3,medium,
ACT_348,INV_08,3,"Standardise Invoicing Records Management review management with checklists, time-tracking, and escalation paths",4,3,medium,
ACT_349,INV_08,3,Formalise lessons-learned integration for Invoicing Records Management through structured closeout reviews,3,2,short,
ACT_350,INV_08,4,Use historical Invoicing Records Management data for proactive planning refinement and scheduling improvement,5,4,long,
ACT_351,INV_08,4,"Institutionalise cross-project Invoicing Records Management knowledge reuse in an organised, searchable repository",5,5,long,
ACT_352,INV_08,4,Establish continuous Invoicing Records Management improvement governance cycle with quarterly or semi-annual reviews,4,3,medium,
ACT_353,INV_09,1,"Develop standardised Recurring Issue Identification templates covering scope, roles, milestones, and reporting expectations",4,2,short,
ACT_354,INV_09,1,Introduce basic Recurring Issue Identification reporting cadence with minimum standard reporting structure,3,1,short,
ACT_355,INV_09,2,Formalise Recurring Issue Identification review and approval procedures with defined roles and workflows,4,3,medium,
ACT_356,INV_09,2,Implement structured Recurring Issue Identification issue tracking with consistent escalation rules,3,2,medium,
ACT_357,INV_09,2,Deploy Recurring Issue Identification templates agency-wide and train staff to drive organisational consistency,3,2,short,
ACT_358,INV_09,3,"Introduce measurable Recurring Issue Identification performance indicators (schedule adherence, turnaround, acceptance rate)",5,3,medium,
ACT_359,INV_09,3,"Standardise Recurring Issue Identification review management with checklists, time-tracking, and escalation paths",4,3,medium,
ACT_360,INV_09,3,Formalise lessons-learned integration for Recurring Issue Identification through structured closeout reviews,3,2,short,
ACT_361,INV_09,4,Use historical Recurring Issue Identification data for proactive planning refinement and scheduling improvement,5,4,long,
ACT_362,INV_09,4,"Institutionalise cross-project Recurring Issue Identification knowledge reuse in an organised, searchable repository",5,5,long,
ACT_363,INV_09,4,Establish continuous Recurring Issue Identification improvement governance cycle with quarterly or semi-annual reviews,4,3,medium,
ACT_364,INV_10,1,"Develop standardised Administrative-Technical Coordination templates covering scope, roles, milestones, and reporting expectations",4,2,short,
ACT_365,INV_10,1,Introduce basic Administrative-Technical Coordination reporting cadence with minimum standard reporting structure,3,1,short,
ACT_366,INV_10,2,Formalise Administrative-Technical Coordination review and approval procedures with defined roles and workflows,4,3,medium,
ACT_367,INV_10,2,Implement structured Administrative-Technical Coordination issue tracking with consistent escalation rules,3,2,medium,
ACT_368,INV_10,2,Deploy Administrative-Technical Coordination templates agency-wide and train staff to drive organisational consistency,3,2,short,
ACT_369,INV_10,3,"Introduce measurable Administrative-Technical Coordination performance indicators (schedule adherence, turnaround, acceptance rate)",5,3,medium,
ACT_370,INV_10,3,"Standardise Administrative-Technical Coordination review management with checklists, time-tracking, and escalation paths",4,3,medium,
ACT_371,INV_10,3,Formalise lessons-learned integration for Administrative-Technical Coordination through structured closeout reviews,3,2,short,
ACT_372,INV_10,4,Use historical Administrative-Technical Coordination data for proactive planning refinement and scheduling improvement,5,4,long,
ACT_373,INV_10,4,"Institutionalise cross-project Administrative-Technical Coordination knowledge reuse in an organised, searchable repository",5,5,long,
ACT_374,INV_10,4,Establish continuous Administrative-Technical Coordination improvement governance cycle with quarterly or semi-annual reviews,4,3,medium,
ACT_375,INV_11,1,"Develop standardised Requirements Communication & Consistency templates covering scope, roles, milestones, and reporting expectations",4,2,short,
ACT_376,INV_11,1,Introduce basic Requirements Communication & Consistency reporting cadence with minimum standard reporting structure,3,1,short,
ACT_377,INV_11,2,Formalise Requirements Communication & Consistency review and approval procedures with defined roles and workflows,4,3,medium,
ACT_378,INV_11,2,Implement structured Requirements Communication & Consistency issue tracking with consistent escalation rules,3,2,medium,
ACT_379,INV_11,2,Deploy Requirements Communication & Consistency templates agency-wide and train staff to drive organisational consistency,3,2,short,
ACT_380,INV_11,3,"Introduce measurable Requirements Communication & Consistency performance indicators (schedule adherence, turnaround, acceptance rate)",5,3,medium,
ACT_381,INV_11,3,"Standardise Requirements Communication & Consistency review management with checklists, time-tracking, and escalation paths",4,3,medium,
ACT_382,INV_11,3,Formalise lessons-learned integration for Requirements Communication & Consistency through structured closeout reviews,3,2,short,
ACT_383,INV_11,4,Use historical Requirements Communication & Consistency data for proactive planning refinement and scheduling improvement,5,4,long,
ACT_384,INV_11,4,"Institutionalise cross-project Requirements Communication & Consistency knowledge reuse in an organised, searchable repository",5,5,long,
ACT_385,INV_11,4,Establish continuous Requirements Communication & Consistency improvement governance cycle with quarterly or semi-annual reviews,4,3,medium,
ACT_386,INV_12,1,"Develop standardised Invoicing Process Improvement templates covering scope, roles, milestones, and reporting expectations",4,2,short,
ACT_387,INV_12,1,Introduce basic Invoicing Process Improvement reporting cadence with minimum standard reporting structure,3,1,short,
ACT_388,INV_12,2,Formalise Invoicing Process Improvement review and approval procedures with defined roles and workflows,4,3,medium,
ACT_389,INV_12,2,Implement structured Invoicing Process Improvement issue tracking with consistent escalation rules,3,2,medium,
ACT_390,INV_12,2,Deploy Invoicing Process Improvement templates agency-wide and train staff to drive organisational consistency,3,2,short,
ACT_391,INV_12,3,"Introduce measurable Invoicing Process Improvement performance indicators (schedule adherence, turnaround, acceptance rate)",5,3,medium,
ACT_392,INV_12,3,"Standardise Invoicing Process Improvement review management with checklists, time-tracking, and escalation paths",4,3,medium,
ACT_393,INV_12,3,Formalise lessons-learned integration for Invoicing Process Improvement through structured closeout reviews,3,2,short,
ACT_394,INV_12,4,Use historical Invoicing Process Improvement data for proactive planning refinement and scheduling improvement,5,4,long,
ACT_395,INV_12,4,"Institutionalise cross-project Invoicing Process Improvement knowledge reuse in an organised, searchable repository",5,5,long,
ACT_396,INV_12,4,Establish continuous Invoicing Process Improvement improvement governance cycle with quarterly or semi-annual reviews,4,3,medium,
